{
	"class_name" : "PinholeCameraParameters",
	"extrinsic" : 
	[
		0.56061876525394161,
		0.43752297907882909,
		-0.70305066874524247,
		0.0,
		0.82365911461281271,
		-0.38218518099448984,
		0.41895125055720578,
		0.0,
		-0.085394747850107977,
		-0.81394602413562755,
		-0.5746299738383136,
		0.0,
		0.062031271568592949,
		-0.021438090480228489,
		6.3864184762143381,
		1.0
	],
	"intrinsic" : 
	{
		"height" : 1009,
		"intrinsic_matrix" : 
		[
			873.8196324184986,
			0.0,
			0.0,
			0.0,
			873.8196324184986,
			0.0,
			470.0,
			504.0,
			1.0
		],
		"width" : 941
	},
	"version_major" : 1,
	"version_minor" : 0
}