{
	"class_name" : "PinholeCameraParameters",
	"extrinsic" : 
	[
		0.84699763750947077,
		0.35480477675143401,
		-0.39586433591287373,
		0.0,
		0.52765216549826399,
		-0.65166635884279278,
		0.54489829234231335,
		0.0,
		-0.064638953413310524,
		-0.6704062403848442,
		-0.73917337516626669,
		0.0,
		-9.9840148901787877,
		2.2395223960599022,
		31.425561383919899,
		1.0
	],
	"intrinsic" :
	{
		"height" : 1080,
		"intrinsic_matrix" :
		[
			935.30743608719376,
			0.0,
			0.0,
			0.0,
			935.30743608719376,
			0.0,
			959.5,
			539.5,
			1.0
		],
		"width" : 1920
	},
	"version_major" : 1,
	"version_minor" : 0
}