{
	"class_name" : "PinholeCameraParameters",
	"extrinsic" : 
	[
		0.67281651746434057,
		0.068120123906514979,
		-0.73666653415647831,
		0.0,
		0.73979155492252302,
		-0.055035840027933963,
		0.67058147273671043,
		0.0,
		0.0051370314844695125,
		-0.99615797192582911,
		-0.087423714609634731,
		0.0,
		-9.8110562604790879,
		5.267455775115554,
		11.001074829956675,
		1.0
	],
	"intrinsic" : 
	{
		"height" : 1080,
		"intrinsic_matrix" : 
		[
			935.30743608719376,
			0.0,
			0.0,
			0.0,
			935.30743608719376,
			0.0,
			959.5,
			539.5,
			1.0
		],
		"width" : 1920
	},
	"version_major" : 1,
	"version_minor" : 0
}