{
	"class_name" : "PinholeCameraParameters",
	"extrinsic" : 
	[
		0.29718780283906027,
		0.17958513933992715,
		-0.9377785386603551,
		0.0,
		0.95039967909864598,
		0.038749418735446815,
		0.30860805646783745,
		0.0,
		0.091759794097866179,
		-0.98297897244850774,
		-0.1591618041842742,
		0.0,
		-6.5572390179524973,
		3.4774231566522213,
		12.58560087012741,
		1.0
	],
	"intrinsic" : 
	{
		"height" : 1009,
		"intrinsic_matrix" : 
		[
			873.8196324184986,
			0.0,
			0.0,
			0.0,
			873.8196324184986,
			0.0,
			232.5,
			504.0,
			1.0
		],
		"width" : 466
	},
	"version_major" : 1,
	"version_minor" : 0
}