{
	"class_name" : "PinholeCameraParameters",
	"extrinsic" : 
	[
		-0.84203015805769843,
		0.034213628565303411,
		0.53834435126759073,
		0.0,
		-0.47501047902388926,
		0.42591917970376547,
		-0.77003759465234356,
		0.0,
		-0.25563696473480296,
		-0.90411408571090579,
		-0.34238496211181668,
		0.0,
		164.44137047524609,
		23.41743488886096,
		-128.44610653647013,
		1.0
	],
	"intrinsic" : 
	{
		"height" : 1080,
		"intrinsic_matrix" : 
		[
			935.30743608719376,
			0.0,
			0.0,
			0.0,
			935.30743608719376,
			0.0,
			959.5,
			539.5,
			1.0
		],
		"width" : 1920
	},
	"version_major" : 1,
	"version_minor" : 0
}