{
	"class_name" : "PinholeCameraParameters",
	"extrinsic" : 
	[
		0.23544648986789199,
		0.36146552363660395,
		-0.90216829119128572,
		0.0,
		0.84397872925333406,
		0.38426397869016415,
		0.37422065582906128,
		0.0,
		0.48193864233615502,
		-0.84951978782328597,
		-0.21459560834244237,
		0.0,
		-8.5346758780132426,
		-0.46536528935566235,
		13.220592557255856,
		1.0
	],
	"intrinsic" : 
	{
		"height" : 1080,
		"intrinsic_matrix" : 
		[
			935.30743608719376,
			0.0,
			0.0,
			0.0,
			935.30743608719376,
			0.0,
			959.5,
			539.5,
			1.0
		],
		"width" : 1920
	},
	"version_major" : 1,
	"version_minor" : 0
}