{
	"class_name" : "PinholeCameraParameters",
	"extrinsic" : 
	[
		0.13558281002142109,
		0.39695262300789147,
		-0.90776974873249117,
		0.0,
		0.90890518344570825,
		0.3148457366650374,
		0.27342920401700621,
		0.0,
		0.39434587500342755,
		-0.86214892982071545,
		-0.31810462693393249,
		0.0,
		-7.1438434472297097,
		-0.81568213574022419,
		15.223978765413575,
		1.0
	],
	"intrinsic" : 
	{
		"height" : 1080,
		"intrinsic_matrix" : 
		[
			935.30743608719376,
			0.0,
			0.0,
			0.0,
			935.30743608719376,
			0.0,
			959.5,
			539.5,
			1.0
		],
		"width" : 1920
	},
	"version_major" : 1,
	"version_minor" : 0
}