{
	"class_name" : "PinholeCameraParameters",
	"extrinsic" : 
	[
		0.042526771718260248,
		0.40942256390499859,
		-0.91135319050995833,
		0.0,
		0.9691822464300357,
		0.20463176006664779,
		0.1371554445760558,
		0.0,
		0.24264634118826645,
		-0.88910011075102413,
		-0.38810275207793121,
		0.0,
		-5.3079356701777733,
		-0.36105574942218244,
		14.394156649472329,
		1.0
	],
	"intrinsic" : 
	{
		"height" : 1080,
		"intrinsic_matrix" : 
		[
			935.30743608719376,
			0.0,
			0.0,
			0.0,
			935.30743608719376,
			0.0,
			959.5,
			539.5,
			1.0
		],
		"width" : 1920
	},
	"version_major" : 1,
	"version_minor" : 0
}