{
	"class_name" : "PinholeCameraParameters",
	"extrinsic" : 
	[
		0.552678767424715,
		0.10659204728847753,
		-0.8265496449051013,
		0.0,
		0.82890433037176781,
		0.032505515112034193,
		0.55844516523847942,
		0.0,
		0.086393235434430893,
		-0.99377136552737944,
		-0.070389501553986794,
		0.0,
		-8.298588773687392,
		4.412321954208978,
		11.934593379001157,
		1.0
	],
	"intrinsic" : 
	{
		"height" : 1080,
		"intrinsic_matrix" : 
		[
			935.30743608719376,
			0.0,
			0.0,
			0.0,
			935.30743608719376,
			0.0,
			959.5,
			539.5,
			1.0
		],
		"width" : 1920
	},
	"version_major" : 1,
	"version_minor" : 0
}