{
	"class_name" : "PinholeCameraParameters",
	"extrinsic" : 
	[
		0.40475676872187377,
		0.32716752829504403,
		-0.85389306508668827,
		0.0,
		-0.91432551970460763,
		0.13106909218522667,
		-0.38318368583570989,
		0.0,
		-0.013446270513680969,
		0.93583241101334602,
		0.35218872257103973,
		0.0,
		2.55351295663786e-15,
		0.0,
		61.04567349110112,
		1.0
	],
	"intrinsic" : 
	{
		"height" : 1200,
		"intrinsic_matrix" : 
		[
			1039.2304845413264,
			0.0,
			0.0,
			0.0,
			1039.2304845413264,
			0.0,
			959.5,
			599.5,
			1.0
		],
		"width" : 1920
	},
	"version_major" : 1,
	"version_minor" : 0
}