{
	"class_name" : "PinholeCameraParameters",
	"extrinsic" : 
	[
		-0.8757391570941101,
		-0.12170539014906645,
		0.46719238728896373,
		0.0,
		-0.48208548017630015,
		0.27250365069084331,
		-0.83266761085282337,
		0.0,
		-0.025971494667879028,
		-0.95442629802873014,
		-0.29731451881112353,
		0.0,
		185.04419136082731,
		52.573213352336829,
		-123.43607527628417,
		1.0
	],
	"intrinsic" : 
	{
		"height" : 1080,
		"intrinsic_matrix" : 
		[
			935.30743608719376,
			0.0,
			0.0,
			0.0,
			935.30743608719376,
			0.0,
			959.5,
			539.5,
			1.0
		],
		"width" : 1920
	},
	"version_major" : 1,
	"version_minor" : 0
}