{
	"class_name" : "PinholeCameraParameters",
	"extrinsic" : 
	[
		0.99929421514009309,
		-0.0061868199636177269,
		-0.037051246217681945,
		0.0,
		0.034608491828222385,
		-0.23187392807975854,
		0.97212999839025593,
		0.0,
		-0.014605611282016711,
		-0.97272617150748075,
		-0.23149615846375912,
		0.0,
		-8.4082464730684858,
		4.9999017721928425,
		13.387334008116065,
		1.0
	],
	"intrinsic" : 
	{
		"height" : 1200,
		"intrinsic_matrix" : 
		[
			1039.2304845413264,
			0.0,
			0.0,
			0.0,
			1039.2304845413264,
			0.0,
			959.5,
			599.5,
			1.0
		],
		"width" : 1920
	},
	"version_major" : 1,
	"version_minor" : 0
}