{
	"class_name" : "PinholeCameraParameters",
	"extrinsic" : 
	[
		0.78291341695300476,
		-0.4741011486059698,
		0.40283331844010944,
		0.0,
		-0.60591056041827152,
		-0.72796325849937926,
		0.32084558131378738,
		0.0,
		0.14113459649776353,
		-0.49527527211184919,
		-0.85719509477478195,
		0.0,
		-2.3847050838531292,
		7.1406560702396407,
		10.005606383635085,
		1.0
	],
	"intrinsic" : 
	{
		"height" : 1009,
		"intrinsic_matrix" : 
		[
			873.8196324184986,
			0.0,
			0.0,
			0.0,
			873.8196324184986,
			0.0,
			470.0,
			504.0,
			1.0
		],
		"width" : 941
	},
	"version_major" : 1,
	"version_minor" : 0
}