{
	"class_name" : "PinholeCameraParameters",
	"extrinsic" : 
	[
		0.98650270918831762,
		0.11117926792558272,
		0.12021470437363792,
		0.0,
		-0.071757455842057769,
		-0.36637811830240513,
		0.92769496169822119,
		0.0,
		0.14718448388055308,
		-0.92379989435630505,
		-0.35345506488391831,
		0.0,
		-183.02828884458691,
		-60.244389247678598,
		419.75349256929991,
		1.0
	],
	"intrinsic" : 
	{
		"height" : 1200,
		"intrinsic_matrix" : 
		[
			1039.2304845413264,
			0.0,
			0.0,
			0.0,
			1039.2304845413264,
			0.0,
			959.5,
			599.5,
			1.0
		],
		"width" : 1920
	},
	"version_major" : 1,
	"version_minor" : 0
}