{
	"class_name" : "PinholeCameraParameters",
	"extrinsic" : 
	[
		0.8370684863222243,
		-0.15736549981140507,
		0.52397752688004384,
		0.0,
		-0.54645492008703844,
		-0.28691591863447213,
		0.78680764863262842,
		0.0,
		0.026521114586096625,
		-0.944941985046301,
		-0.32616142533700626,
		0.0,
		-4.0032147550947208,
		5.3187273549040057,
		8.5172918286778909,
		1.0
	],
	"intrinsic" : 
	{
		"height" : 1200,
		"intrinsic_matrix" : 
		[
			1039.2304845413264,
			0.0,
			0.0,
			0.0,
			1039.2304845413264,
			0.0,
			959.5,
			599.5,
			1.0
		],
		"width" : 1920
	},
	"version_major" : 1,
	"version_minor" : 0
}