{
	"class_name" : "PinholeCameraParameters",
	"extrinsic" : 
	[
		0.89737779490872926,
		-0.046893408790167554,
		-0.4387642891311746,
		0.0,
		0.44089958040762245,
		0.13563752412749719,
		0.88724856835328014,
		0.0,
		0.017906792039032549,
		-0.98964815478057711,
		0.14239338656788098,
		0.0,
		-10.845100438228771,
		6.2390062320579096,
		7.8809567083232652,
		1.0
	],
	"intrinsic" : 
	{
		"height" : 1080,
		"intrinsic_matrix" : 
		[
			935.30743608719376,
			0.0,
			0.0,
			0.0,
			935.30743608719376,
			0.0,
			959.5,
			539.5,
			1.0
		],
		"width" : 1920
	},
	"version_major" : 1,
	"version_minor" : 0
}