{
	"class_name" : "PinholeCameraParameters",
	"extrinsic" : 
	[
		0.46023684365079903,
		0.29036430000648139,
		-0.83896997623758629,
		0.0,
		0.88711583991102572,
		-0.18739933105487372,
		0.42179020531437361,
		0.0,
		-0.034749594606348785,
		-0.9383869479068494,
		-0.34383484650739299,
		0.0,
		-8.2651386634659687,
		2.6120813029793264,
		13.57605038878819,
		1.0
	],
	"intrinsic" : 
	{
		"height" : 1080,
		"intrinsic_matrix" : 
		[
			935.30743608719376,
			0.0,
			0.0,
			0.0,
			935.30743608719376,
			0.0,
			959.5,
			539.5,
			1.0
		],
		"width" : 1920
	},
	"version_major" : 1,
	"version_minor" : 0
}