{
	"class_name" : "PinholeCameraParameters",
	"extrinsic" : 
	[
		0.27435969907118612,
		0.40774922297680627,
		-0.87090029663985025,
		0.0,
		0.95539390297377469,
		-0.012630208435677803,
		0.29506434551705685,
		0.0,
		0.10931260533948488,
		-0.91300659855046074,
		-0.39302634175995377,
		0.0,
		-4.8034610523952557,
		1.1165208088517407,
		15.846968842869426,
		1.0
	],
	"intrinsic" : 
	{
		"height" : 1080,
		"intrinsic_matrix" : 
		[
			935.30743608719376,
			0.0,
			0.0,
			0.0,
			935.30743608719376,
			0.0,
			959.5,
			539.5,
			1.0
		],
		"width" : 1920
	},
	"version_major" : 1,
	"version_minor" : 0
}