{
	"class_name" : "PinholeCameraParameters",
	"extrinsic" : 
	[
		0.0037030822311718923,
		0.084071399146643716,
		-0.99645285238565862,
		0.0,
		0.9999900796015917,
		0.0021553841268479781,
		0.0038980787149777455,
		0.0,
		0.0024754555927363692,
		-0.99645740208239286,
		-0.084062583560207946,
		0.0,
		-0.00044656115526632914,
		-0.010138316889577226,
		60.251316064541022,
		1.0
	],
	"intrinsic" : 
	{
		"height" : 1080,
		"intrinsic_matrix" : 
		[
			935.30743608719376,
			0.0,
			0.0,
			0.0,
			935.30743608719376,
			0.0,
			959.5,
			539.5,
			1.0
		],
		"width" : 1920
	},
	"version_major" : 1,
	"version_minor" : 0
}