{
	"class_name" : "PinholeCameraParameters",
	"extrinsic" : 
	[
		0.99331281460794885,
		0.11528913095004237,
		0.0061699773434592542,
		0.0,
		0.072102620397699754,
		-0.66118867305611417,
		0.74674677820133928,
		0.0,
		0.090171306231084547,
		-0.74130827252033216,
		-0.66507983026513517,
		0.0,
		-9.9387772369968914,
		4.7957815685783061,
		14.713728550121495,
		1.0
	],
	"intrinsic" : 
	{
		"height" : 1080,
		"intrinsic_matrix" : 
		[
			935.30743608719376,
			0.0,
			0.0,
			0.0,
			935.30743608719376,
			0.0,
			959.5,
			539.5,
			1.0
		],
		"width" : 1920
	},
	"version_major" : 1,
	"version_minor" : 0
}