{
	"class_name" : "PinholeCameraParameters",
	"extrinsic" : 
	[
		0.045047381400003091,
		0.44742076975694978,
		-0.89318832740867216,
		0.0,
		0.99772176854577777,
		-0.065096855612286245,
		0.017710786523437425,
		0.0,
		-0.050219577844584397,
		-0.89195126222204091,
		-0.4493338845687247,
		0.0,
		-2.2204460492503131e-16,
		0.0,
		63.643361724764993,
		1.0
	],
	"intrinsic" : 
	{
		"height" : 1080,
		"intrinsic_matrix" : 
		[
			935.30743608719376,
			0.0,
			0.0,
			0.0,
			935.30743608719376,
			0.0,
			959.5,
			539.5,
			1.0
		],
		"width" : 1920
	},
	"version_major" : 1,
	"version_minor" : 0
}