{
	"class_name" : "PinholeCameraParameters",
	"extrinsic" : 
	[
		0.80083783769064953,
		-0.13679016466312185,
		0.58304991945321549,
		0.0,
		-0.59490069410874225,
		-0.29376531386237698,
		0.74819456327901501,
		0.0,
		0.068934185074618459,
		-0.94603931801103025,
		-0.31663494264740133,
		0.0,
		-161.55166659074868,
		13.01442836751211,
		338.78100814450022,
		1.0
	],
	"intrinsic" : 
	{
		"height" : 1080,
		"intrinsic_matrix" : 
		[
			935.30743608719376,
			0.0,
			0.0,
			0.0,
			935.30743608719376,
			0.0,
			959.5,
			539.5,
			1.0
		],
		"width" : 1920
	},
	"version_major" : 1,
	"version_minor" : 0
}