{
	"class_name" : "PinholeCameraParameters",
	"extrinsic" : 
	[
		0.030667744385403539,
		0.092068277885156466,
		-0.99528032315603088,
		0.0,
		0.99806121010250237,
		-0.056775876380928979,
		0.025501387215326694,
		0.0,
		-0.054160043787280177,
		-0.99413275374491061,
		-0.093630964902220323,
		0.0,
		1.6653345369377348e-16,
		-8.8817841970012523e-16,
		63.643361724764993,
		1.0
	],
	"intrinsic" : 
	{
		"height" : 1080,
		"intrinsic_matrix" : 
		[
			935.30743608719376,
			0.0,
			0.0,
			0.0,
			935.30743608719376,
			0.0,
			959.5,
			539.5,
			1.0
		],
		"width" : 1920
	},
	"version_major" : 1,
	"version_minor" : 0
}