{
	"class_name" : "PinholeCameraParameters",
	"extrinsic" : 
	[
		0.2746027169704478,
		0.40211238108271347,
		-0.87344088570002199,
		0.0,
		0.90631257467504511,
		-0.41169928497149177,
		0.095400292137148707,
		0.0,
		-0.32123334948031018,
		-0.81780763736587403,
		-0.4774932496357493,
		0.0,
		-1.7763568394002505e-15,
		0.0,
		55.850297023773372,
		1.0
	],
	"intrinsic" : 
	{
		"height" : 1009,
		"intrinsic_matrix" : 
		[
			873.8196324184986,
			0.0,
			0.0,
			0.0,
			873.8196324184986,
			0.0,
			470.0,
			504.0,
			1.0
		],
		"width" : 941
	},
	"version_major" : 1,
	"version_minor" : 0
}