{
	"class_name" : "PinholeCameraParameters",
	"extrinsic" : 
	[
		0.014402296352113974,
		0.39487771503509289,
		-0.91862079446768996,
		0.0,
		0.96755875549469894,
		-0.23726042062549679,
		-0.086819050156989555,
		0.0,
		-0.25223526423824133,
		-0.88756919897733966,
		-0.38548448542242048,
		0.0,
		-0.0,
		3.5527136788005009e-15,
		63.643361724764986,
		1.0
	],
	"intrinsic" : 
	{
		"height" : 1080,
		"intrinsic_matrix" : 
		[
			935.30743608719376,
			0.0,
			0.0,
			0.0,
			935.30743608719376,
			0.0,
			959.5,
			539.5,
			1.0
		],
		"width" : 1920
	},
	"version_major" : 1,
	"version_minor" : 0
}