{
	"class_name" : "PinholeCameraParameters",
	"extrinsic" : 
	[
		0.21130453892658405,
		0.37521385357675408,
		-0.9025325234655569,
		0.0,
		0.92783874377277153,
		-0.36736144520089953,
		0.064504528012162124,
		0.0,
		-0.30735265963252872,
		-0.85103474233663845,
		-0.4257630913463758,
		0.0,
		8.8817841970012523e-16,
		-3.5527136788005009e-15,
		45.459544089117841,
		1.0
	],
	"intrinsic" : 
	{
		"height" : 1080,
		"intrinsic_matrix" : 
		[
			935.30743608719376,
			0.0,
			0.0,
			0.0,
			935.30743608719376,
			0.0,
			959.5,
			539.5,
			1.0
		],
		"width" : 1920
	},
	"version_major" : 1,
	"version_minor" : 0
}