{
	"class_name" : "PinholeCameraParameters",
	"extrinsic" :
	[
		0.90584664272947191,
		-0.19249318620650538,
		0.37734365387510133,
		0.0,
		-0.40658490064680897,
		-0.14511826292442143,
		0.90201408433118335,
		0.0,
		-0.1188721095201441,
		-0.97050866200661301,
		-0.20971971425777958,
		0.0,
		0,
		0,
		6.7977408261051213,
		1.0
	],
	"intrinsic" : 
	{
		"height" : 1009,
		"intrinsic_matrix" : 
		[
			873.8196324184986,
			0.0,
			0.0,
			0.0,
			873.8196324184986,
			0.0,
			470.0,
			504.0,
			1.0
		],
		"width" : 941
	},
	"version_major" : 1,
	"version_minor" : 0
}