{
	"class_name" : "PinholeCameraParameters",
	"extrinsic" : 
		[
			0.90584664272947191,
			-0.19249318620650538,
			0.37734365387510133,
			0.0,
			-0.40658490064680897,
			-0.14511826292442143,
			0.90201408433118335,
			0.0,
			-0.1188721095201441,
			-0.97050866200661301,
			-0.20971971425777958,
			0.0,
			-0.1966659220703236,
			0.21065714268217417,
			6.7977408261051213,
			1.0
		],
	"intrinsic" : 
	{
		"height" : 1080,
		"intrinsic_matrix" : 
		[
			935.30743608719376,
			0.0,
			0.0,
			0.0,
			935.30743608719376,
			0.0,
			959.5,
			539.5,
			1.0
		],
		"width" : 1920
	},
	"version_major" : 1,
	"version_minor" : 0
}