{
	"class_name" : "PinholeCameraParameters",
	"extrinsic" : 
	[
		0.97090781870790199,
		-0.066385999625388173,
		0.23006717850576122,
		0.0,
		-0.23386168755662179,
		-0.46931487352866025,
		0.85150000621136046,
		0.0,
		0.051446269690161632,
		-0.88053191227718475,
		-0.47118662204741296,
		0.0,
		-7.737166577353098,
		6.1583899181269297,
		19.183824534544506,
		1.0
	],
	"intrinsic" : 
	{
		"height" : 1009,
		"intrinsic_matrix" : 
		[
			873.8196324184986,
			0.0,
			0.0,
			0.0,
			873.8196324184986,
			0.0,
			470.0,
			504.0,
			1.0
		],
		"width" : 941
	},
	"version_major" : 1,
	"version_minor" : 0
}