{
	"class_name" : "PinholeCameraParameters",
	"extrinsic" : 
	[
		-0.063045603011135293,
		-0.99732762890387483,
		-0.036916833097347307,
		0.0,
		-0.99797066153144898,
		0.063331050999330077,
		-0.0066133729520252019,
		0.0,
		0.0089336814049221711,
		0.036424972262107821,
		-0.99929645788037302,
		0.0,
		-91.302175001676659,
		351.73559010039764,
		139.14826030781481,
		1.0
	],
	"intrinsic" : 
	{
		"height" : 1080,
		"intrinsic_matrix" : 
		[
			935.30743608719376,
			0.0,
			0.0,
			0.0,
			935.30743608719376,
			0.0,
			959.5,
			539.5,
			1.0
		],
		"width" : 1920
	},
	"version_major" : 1,
	"version_minor" : 0
}